id|nombre|apellido|pais|direccion
3222303|Kim|Crawford|AM|3921 Nicole Rapid-West Michael, NC 18388
893117|Michael|Morales|BJ|58502 Michelle Key-North Nicole, MO 55326
7662650|Jacob|Mosley|MW|163 Farley Well-East Lisa, LA 56846
8008659|Dawn|Brandt|CU|502 Stephanie Lodge-Lake Antonioton, WY 41486
994528|John|Lee|ET|4178 Amber Canyon Apt. 826-Lake Nichole, NV 41277
3396078|Cole|Phillips|NZ|17516 Turner Creek-Christianview, NJ 17534
4263725|Carolyn|Fisher|TR|44758 Green Islands Suite 281-Evansmouth, MT 07024
7951813|John|Chambers|GM|79253 Pena Courts-East Matthewport, IA 98691
1954052|Kevin|Anderson|CF|0978 Crawford Fall-Alexisville, IN 73256
5874662|Janet|Mason|FI|340 Collins Roads Apt. 935-Hallberg, SD 86963
5774292|Robert|Mendoza|MX|45817 Casey Crest-Bethanymouth, GU 88023
422910|Luke|Gonzalez|PT|9219 Barbara Landing Suite 109-Davidview, OH 65127
814234|Laura|Bailey|TV|730 Powell Plaza-Port Sarahside, IN 36248
611710|Brenda|Osborn|VA|5043 Nunez Rue Apt. 635-Carrollfurt, WI 08433
6956955|Hunter|Bray|AO|43916 Peter Points-Catherineport, AL 12037
20178|Mark|Perez|ZW|64857 Ashley Extensions-South Douglas, GU 89593
6251530|Sarah|Reyes|AL|354 Rebecca Gateway Suite 330-South Brookemouth, AS 25894
5878733|James|Carey|VE|24226 Harrison Ways-Lake Jessica, SD 95441
15739|Jamie|Vega|MA|500 Michael Junction Suite 008-Stephaniebury, AL 69694
1511079|Michelle|Green|MN|442 Medina Brooks Apt. 330-Craigland, CA 72521
8784738|Randy|Pearson|KM|285 Bailey Neck-North Evan, CA 11444
5724798|Ashley|Fisher|PT|283 Larry Ville-East Ryanburgh, MI 35184
4293713|Dana|Bell|KP|123 Vincent Extensions Suite 632-Port Brittany, CO 08477
7313626|Nancy|Braun|UY|Unit 1113 Box 2455-DPO AP 40719
2112744|Lisa|Palmer|MY|USNV Fowler-FPO AE 59627
3798562|Jaime|Jackson|MH|167 Griffith Cliff-Carlsontown, MA 55061
1530395|Denise|Johnson|AM|326 Cooper Throughway Suite 712-New Robertbury, RI 34919
6369330|Connie|Black|ZA|707 Mills Ways-Martinberg, PA 82249
3909468|Jerry|Scott|BW|428 Spence Meadows-Joshuafort, AS 77818
6030246|Robert|Maxwell|RU|Unit 7553 Box 5128-DPO AE 39701
3555203|Tara|Pennington|DK|08303 Ryan Tunnel Suite 948-Johnchester, GU 55374
2998110|Gregory|Hall|SA|096 Powell Shores Apt. 477-Carriehaven, TN 01102
3350939|Patrick|Marsh|TH|69294 Smith Corner Apt. 587-North Rebecca, UT 18166
1445312|Alexander|Walker|MV|56951 Rebecca Cliffs-Hernandezfurt, VT 40657
8846061|Mary|Wood|MX|708 Odonnell Hills Apt. 369-North Johnshire, FM 88498
3346546|Jessica|Blanchard|CO|99561 Robinson Viaduct-South Alexandria, PW 54214
5827328|William|Smith|ME|38907 Scott Port Apt. 009-West Alexanderland, MH 59129
1106629|Matthew|Garcia|AF|2319 Noah Street Suite 884-Susanport, NY 32906
7073382|Sandra|Mckinney|HT|5515 Price Track Suite 424-Nathanmouth, AR 51018
7503462|Brian|Powell|BA|19684 Krista Garden Apt. 632-Lake Angelamouth, IN 01247
4790460|Anne|Andersen|LU|29316 Valdez Terrace-Antoniomouth, NM 79067
7647370|Judy|Murphy|TD|984 Reynolds Place-Leebury, PW 14168
8145875|Timothy|Jones|TT|5771 Nelson Pass-Anthonyshire, NM 97600
7316169|Edward|Mendoza|JM|6288 Ortiz Pines Suite 600-Port Davidhaven, WI 75354
5131138|Matthew|Cooper|MY|799 Aguilar Spurs Suite 278-Hudsonchester, DE 15601
1183558|Perry|Oliver|ML|701 Samuel Neck-Russellside, WA 99051
6235991|Jesse|Marshall|TV|63933 Daniel Forest Apt. 111-Port Monica, VI 90329
5095092|Peter|Howe|BS|7484 Love Park-East Larry, AL 25185
2488438|Zachary|Fields|KG|5946 Everett Pine-Cindyshire, MT 74713
4574877|Ashley|Ward|HR|6059 James Mountains-East Marcberg, AK 41607
5874374|Christopher|Jones|MX|371 Gabriel Junction-East Charles, IN 12432
6715833|Melissa|Elliott|PE|19756 Hendricks Vista-Lauraview, AS 73100
4995488|John|Lawson|CU|14800 Jamie Dale Suite 892-Nelsonbury, ND 12242
7639610|Aaron|Frye|GW|060 Harris Expressway Apt. 003-Davidland, WV 64098
4096334|Natasha|Contreras|UA|13052 Nolan Alley Apt. 940-Martinview, IA 09283
8416602|Emily|Ramirez|MH|2001 Myers Locks Apt. 321-New Deniseview, AK 42371
7471827|Nicholas|Sanders|IR|68685 Thomas Stravenue-Port Chelseaborough, NE 65925
5400411|Kristin|Perez|MX|04591 Warren Mills Suite 264-Jamesfort, WV 63357
4763364|Mary|Johnson|MV|037 Jacob Stream-Darrenland, DE 82220
8636739|Scott|Boyd|JM|52824 Brandy Summit-Torresshire, NC 90635
1058921|Sierra|Lawson|SM|08269 Carpenter Burgs Suite 750-Karenberg, VT 91748
1626749|Jennifer|Marks|RW|14868 Lindsey Heights Apt. 418-Port Charlesfort, IN 08183
8820763|Kevin|Taylor|DJ|79553 Day Roads Suite 447-Davidmouth, PW 26559
3708025|Russell|Armstrong|RO|823 Trujillo Crossroad Apt. 991-Lake Brendaview, FL 96671
4318237|Jessica|Wang|BO|53478 Chan Lakes Suite 375-North Barbaraview, CO 38185
5621362|Kristin|Jordan|GB|467 Kelly Coves-North Ashleybury, OR 45737
1622402|Nancy|Kent|PS|30309 Barton Harbor-Port Cole, MT 20169
5603845|Barbara|Floyd|RU|881 Melanie Branch-Lake Amy, DE 50042
3398279|Brandon|Miller|IQ|4258 Maxwell Path Suite 328-Carrmouth, KS 35389
6310856|Cody|Nguyen|NI|248 Julie Motorway-West Alyssachester, UT 53194
151562|Nicole|Cohen|PG|5406 Hill Overpass-Port Steven, KY 66374
181565|Lisa|Taylor|CN|PSC 9511, Box 1790-APO AP 90478
271329|Rhonda|Hughes|CD|0216 Antonio Parkway Suite 131-Lake Patricia, MI 62535
4342731|Crystal|Shannon|KM|PSC 1993, Box 4264-APO AA 00515
5478349|Robert|Cain|AT|Unit 8444 Box 1992-DPO AP 75949
2526605|Ashley|Dodson|PT|4502 White Summit-East Julie, AZ 36695
7530466|Matthew|Brown|FI|69473 Kemp Parkways-Port Heatherchester, OR 32336
5325826|Lorraine|Olson|AG|81623 Joseph Mall Apt. 017-Brownshire, CA 86205
1398347|Jill|Hayes|JO|604 Walsh Canyon-Mcgeeton, MO 01623
3923691|Warren|Cunningham|PW|83452 Cameron Heights-Hernandezfort, LA 20243
3814450|John|Glover|IR|621 Aaron Junctions-Heatherhaven, DE 90387
8581483|Michele|Welch|GY|4442 John Loaf Suite 495-Christopherville, AL 23593
8079191|Derek|Brewer|PL|400 Emma Walk Suite 510-Wrightfurt, GA 51233
4818141|Chelsea|Thompson|LC|8394 Jonathon Vista Apt. 260-Brentton, RI 96218
5771203|Jennifer|Duran|PK|322 Wolf Skyway Suite 236-Hunterhaven, MN 41730
4062159|Jasmine|Osborne|LV|2126 Guy Pike-Port Deborahview, FL 41536
3317453|Manuel|Smith|RS|27543 Hawkins Springs-Robinsonland, SC 97129
6611457|John|Saunders|OM|PSC 1635, Box 6542-APO AA 80393
4539544|Justin|Hartman|OM|6235 Gary Summit Apt. 928-Jeffreytown, GU 06932
3166495|Kayla|Peterson|AM|23610 Debra Overpass Suite 935-New Michael, DE 75487
7276391|Charles|Flowers|PS|9687 William Trafficway-Carterhaven, AL 95046
6899551|Michael|Mckinney|CI|30042 Hernandez Ferry-Lisachester, NH 57975
200734|Brandon|Parker|TL|09177 Kendra Hills Apt. 781-Amyview, DC 72022
5031636|Alyssa|Martin|BG|95926 Mary Garden-Danielport, SD 38613
7115709|Sheila|Moore|CY|12008 Veronica Walks-Lake Joanna, PA 07506
3327557|Paul|Thomas|QA|19637 Peters Drive Suite 731-Trujillostad, IL 84431
454099|Victoria|Arroyo|SC|689 Brianna Viaduct Apt. 347-Lewiston, MN 49077
4283631|Clinton|Long|ET|8346 Patricia Ridge Suite 288-Richmouth, MP 08430
6662627|Kevin|Braun|MR|2234 Norris Divide Suite 051-Fitzpatrickside, NJ 10485
7408100|Steven|Johnson|CZ|3127 Cody Isle Suite 181-Port Michaelbury, SD 80438
3619118|Timothy|Perez|CM|1568 Dale Junctions-Sandrashire, SD 34342
4977963|Marcus|Buchanan|GH|Unit 8955 Box 3474-DPO AA 34510
4031826|Stephanie|Hall|GE|243 Monica River-West Bernardview, WY 16061
487763|Robert|Pace|IE|547 Powell Trail Suite 958-North Emily, VI 57213
8826298|Gregory|Mora|MY|871 Ramirez Inlet-Murrayshire, AR 72701
1337214|Brenda|Norris|TD|73764 Brittany Points Apt. 726-South Chloe, VI 72699
2503277|Ashley|Grant|TO|USNV Bryan-FPO AE 74220
5649948|Craig|Gilbert|GW|3324 Bryan Burg-Lake Crystal, WY 80549
5469987|Daniel|Smith|TL|Unit 4109 Box 9444-DPO AP 52567
6451242|Laura|Sawyer|MW|11676 Roberts Spurs Apt. 629-Millerberg, OH 09699
2827032|Kenneth|Taylor|HR|1297 Sarah Cove-Lake Steven, MA 01005
4099355|Steven|Reyes|YE|619 Reilly Dale-Dorothyburgh, MS 39108
472371|Samantha|Andrade|GB|9382 Nathan Divide Apt. 439-Powellborough, UT 52646
4245546|Donna|Patel|FI|365 Walker Port-Port Jamesfort, MA 46400
3787271|Kimberly|Wallace|PG|044 Christina Mills-Port Jimmy, SC 05184
7498059|Christopher|Waters|TG|35075 Wilson Freeway Suite 906-Brittanyland, IN 16632
7498626|Marissa|Bond|ID|588 White Ports-Charlesside, OH 89543
2440866|Xavier|Cowan|PT|6642 Travis Rue-Hillberg, VT 29618
4480674|Deborah|Smith|TJ|00042 Tammy Center Suite 264-Port Erik, NH 15446
1303127|Barry|Ruiz|DJ|5404 Little Extensions Apt. 119-New Christopher, PW 61995
7158484|Michael|Prince|BY|383 Rowe Curve Suite 417-South Jimmy, FM 44451
3319264|Courtney|Zimmerman|ET|32906 Levy Viaduct-Lake Jacqueline, NC 16699
2219287|Patrick|Smith|FJ|03378 Joseph Court-Allisonfort, MA 85318
8429643|Peter|Sellers|MN|1925 David Spurs-Joelmouth, KY 64908
5701712|Zachary|Miller|CN|247 Valerie Club Apt. 476-Earltown, WA 46341
4699159|Troy|Elliott|VA|710 Brewer Plain-South Robertfort, MH 06936
2721080|Bruce|Marshall|AG|176 Williams Corners-Nicolemouth, VT 28543
4187903|Joe|Collier|MV|3633 Mcbride Forge Apt. 520-Kingshire, MA 80044
1366419|Andrew|Brock|GQ|USNS Richard-FPO AP 62932
2718066|Frank|Booker|NG|463 Robert Cape Suite 611-Lake Mariafurt, PW 81369
6349561|Paula|Proctor|CI|97440 Steven Cove Suite 601-Kimland, TN 73619
8793437|Gregory|Wright|MA|100 Jacob Pass-Carolynmouth, GU 09624
3797544|Robert|Wood|IQ|34420 Sawyer Islands Apt. 801-West Johnton, MS 93405
5654322|William|Johnson|RU|6060 Michael Junction-Alejandroview, FM 58405
5021524|Jacqueline|Parks|TH|09696 Janice Union Apt. 488-North Anthony, RI 57139
8171041|George|Turner|LT|06050 Kelly Plains-Port Williamchester, ND 50211
4253353|Whitney|Hill|KW|7144 Ashley Mission Apt. 468-Port Jeffrey, SC 21490
6912711|Christopher|Wang|BR|8056 Williams Union Suite 449-Victoriastad, ID 71347
6943465|Sarah|Williams|MT|144 Mcpherson Manors-Lake Reginaldstad, MI 03791
3811012|Karina|Velasquez|DO|4929 Emily Fields Suite 974-Robertsside, DC 59554
5454498|Laura|Franklin|FR|01324 Jacobs Village Suite 855-New Tonyashire, FL 09545
5220637|Madeline|Brown|UG|653 Soto Port-Lake Samanthastad, AR 83730
3841439|Vanessa|Anderson|CN|22964 Barr Trace-Jasonville, ND 85650
6251070|Catherine|Thomas|BF|347 Emily Springs-Lake Diana, OK 84817
2855312|Robert|Curry|MN|2487 Maria Centers Suite 809-West Rachelville, GU 51471
5825026|Diane|Castaneda|KM|385 Tracey Gardens-Lake Natalieville, NM 41310
4092978|Miguel|Ruiz|UA|31740 Torres Prairie-Marieton, KS 47752
7820538|Tammy|Tran|ES|237 Richard Fields-Graveschester, WV 85400
936650|Daniel|Vang|BJ|32732 Farley Oval-Colemanmouth, KY 04420
3911654|Breanna|Mathis|VA|3492 Todd Divide Suite 059-New Carolmouth, SC 99135
5159402|Stefanie|Hanson|KE|87313 Sanchez Trace Suite 139-West Allison, MI 99534
1775896|Scott|Chapman|AR|17888 Ashley Mount-West Michael, PW 69644
1392041|Denise|Schmidt|TL|40428 Horne Ford-Shortberg, NC 83590
5692645|Craig|Nash|CM|23751 Shannon Fork-North Manuelhaven, NM 39582
8709282|Bethany|Ellison|IN|323 Ashley Trafficway Suite 226-Fernandezport, AS 63676
7121793|David|Robles|LY|47946 Dennis Shore-Sarahshire, UT 11467
3912046|Joshua|Powell|ME|3718 Jackson Trail Apt. 728-Port Johnnystad, WA 62976
5252063|Destiny|Blake|CL|2821 Derrick Shoals Apt. 152-East Timothy, PA 95090
5447599|Craig|Carroll|EC|066 Harris Trail Apt. 534-West Dawn, NM 21454
2612620|Shane|Stevens|ST|8126 Lee Hills Suite 297-North Johnbury, UT 39463
6573765|Gail|Smith|SO|PSC 9028, Box 6579-APO AE 98559
336626|Kristin|Bond|AD|Unit 6432 Box 2040-DPO AA 67476
8746611|Robert|Fleming|BF|390 Allen Roads-Valerieside, DE 61363
3886277|Stephanie|Jackson|PH|67524 Ricky Overpass-New Tonyatown, VT 51554
545519|Jessica|Armstrong|SG|PSC 3209, Box 9766-APO AA 52608
4886024|Kyle|Glover|CG|3364 Castro Mews-Daymouth, WA 58908
2147101|Henry|Diaz|GM|541 Jake Trail-Humphreyborough, NM 75279
2923787|Jeremy|Barnett|PL|89378 Megan Expressway Suite 240-South Andrew, SD 44103
7227588|Pamela|Bailey|MH|55836 Carter Hills Suite 777-East Debra, MO 22269
7304613|Kevin|Scott|GE|432 Horne Gardens-Port Elizabethton, CO 26745
1009716|Melanie|Edwards|TV|75144 Walsh Isle-New Crystalchester, AZ 14698
1510717|Michael|Nicholson|GW|682 Butler Expressway Suite 935-New Michael, SD 05948
2948233|Michelle|Thomas|NP|522 Patricia Landing Suite 108-Stephanieborough, WY 92127
3475764|Derek|Pitts|PS|41794 Huang Brooks Suite 862-Hughesmouth, PR 73427
2472254|Carmen|Solis|AR|1068 Patrick Key-East Amy, PW 42002
7025565|Hector|Johnson|DE|363 Sarah Court-South Zachary, VA 69284
4321099|Bobby|Ball|BZ|9812 Hawkins Ford-Gordonland, OR 86725
3966907|Claudia|Gonzales|CN|74937 Justin Walks Apt. 626-Port Kayla, VA 09106
8284883|Teresa|Rodriguez|ML|68756 Christopher Plains-North Crystalfort, LA 65684
4616544|Mitchell|Thompson|TT|USCGC Payne-FPO AA 75223
8693360|Robert|Graham|SD|PSC 9911, Box 3221-APO AA 30174
5421659|Gabriel|Ford|HT|17342 John Key Apt. 229-West Marthaborough, NY 98944
8609924|Christopher|Franco|TR|2519 Carlos Glen-Westside, TX 96944
7818644|Christine|Hernandez|MX|208 Parker Lodge-Lake Brian, FM 17224
168413|Jonathan|Henry|TM|PSC 9927, Box 9927-APO AP 27035
4926828|Stephanie|Le|LV|22638 Watson Cliff Suite 847-Parkerport, MI 04615
7041994|Carl|Henderson|AU|21174 Hicks Pines-Edwinchester, FL 99004
5304726|Wesley|Mason|LT|73612 Connor Neck Suite 352-Port Melissa, MD 62569
2087609|Matthew|Harmon|SE|194 Arnold Rue Suite 651-Port Marcmouth, OR 93326
2990901|Wendy|Robinson|GW|62318 Powell Mews Apt. 131-North Kristichester, IL 07659
3788474|Jasmine|Scott|SA|USNS Moore-FPO AA 24350
8463703|Krystal|Owens|MG|259 Snyder Expressway Apt. 564-Lake Lauriemouth, AL 54352
3759378|Emily|Johnston|LA|572 Melissa Cliffs-Lake Tammy, ND 02327
6475001|Omar|George|CA|755 Stokes Villages-Alexandrafort, CO 85778
4485437|Craig|Simmons|AT|864 Molina Locks Suite 331-Ravenberg, MA 49432
5069258|Lisa|Miller|AR|Unit 8555 Box 1457-DPO AP 35779
8373527|Tiffany|Hamilton|CA|9286 Sims Hill Suite 162-Kimberlychester, ND 69940
5048157|Wesley|Villanueva|PW|PSC 3070, Box 9399-APO AE 19680
6462593|Kaitlyn|Mckinney|UA|65433 Fitzgerald Mill-Ellismouth, KS 32903
7838963|Bridget|Contreras|GW|9185 Barnett Trace Suite 899-Thompsonborough, IA 92458
5315107|Daniel|Gutierrez|VA|50188 Michele Motorway Suite 356-New Jamesshire, HI 90111
1654735|Kimberly|Gonzalez|KR|3322 Fox Row Apt. 176-New Hayley, WI 73706
4043252|Kimberly|Butler|SR|215 French Divide-South Amanda, SD 46861
5674092|Steven|Johnson|MT|446 Santana Underpass-South Christopherstad, KY 24131
7343059|Nancy|Myers|GD|5969 Valenzuela Spurs Suite 787-Jonesville, MD 39577
3394824|Thomas|Sullivan|BB|034 Erin Lane-East Pamelaport, ME 32402
5157595|Michael|Sanchez|TM|836 Jennifer Corners-South Connorview, OR 56396
2830200|Edward|Mcbride|AL|1589 Page Garden Apt. 380-South Richardfort, TX 08612
8513759|Cassandra|Chavez|GE|30841 Hernandez Shores-Morafurt, FM 50739
939565|Cameron|Swanson|SI|1329 Smith Mountains Suite 950-Lake Jerry, NV 80336
490184|Steven|Martin|DM|4657 Nicholson Trace-West Lindsayville, AS 92234
3907155|Patricia|Myers|TW|59047 Coleman Roads Apt. 110-Thompsontown, AL 52506
8406240|Harold|Carter|PW|116 Anthony Points Apt. 747-Port Timstad, IN 80962
4955252|Marcus|James|CG|0929 Price Lodge-Joshuashire, IN 45572
5522771|Samantha|Wells|WS|USS Acosta-FPO AA 96745
5987482|Jim|Myers|IT|41631 Charles Passage-North Kelseystad, HI 01558
4089334|Alicia|Lopez|EC|96022 Fields Locks-Rebeccaton, AR 88437
3097330|Jasmin|Gomez|BT|89434 William Street-Port Brianland, MO 48632
494337|Phillip|Morgan|SE|4528 Barry Courts Suite 654-Lake Jamesfort, OK 62631
2845576|David|Griffith|TW|3896 White Divide Apt. 235-West Desiree, OR 83051
221715|Kelsey|Medina|TM|70014 Andrew Meadow-Johnbury, DC 59484
1822560|Anthony|Lowe|GQ|698 Mitchell Park Apt. 027-South Douglas, NH 84895
1172454|Deborah|Moore|SI|6606 Morales Crest-New Robert, FL 02065
439164|Adam|Reynolds|CH|990 Madeline Village-New Catherine, AS 22875
4547941|Victor|Jones|FJ|115 Brown Trace-North Norma, AK 98965
5083434|Carrie|Davis|CI|163 Pace Forest Suite 916-South Elizabeth, LA 33134
2186457|Debbie|Patterson|SK|61476 Solomon Fork Suite 155-North Anthony, WI 88527
1748407|Emily|Reid|FR|1679 Clayton Ville Apt. 749-Angelaland, AR 04134
3114426|John|Cameron|TM|717 Holmes Rapids Apt. 402-Carterton, IL 35380
3698366|Megan|Rodriguez|NG|460 Steven Fort-Dennisfurt, NM 19429
4692867|Manuel|Ballard|PL|42971 Jose Cliffs-Amberburgh, VA 95670
5073843|Kyle|Luna|ST|61859 Alexander Plain Apt. 000-Ashleyfort, VA 83367
664653|Justin|Johnson|GQ|5329 Gonzalez Square Apt. 467-Pachecomouth, OH 53688
4698656|Patrick|Lynch|NI|4171 Tricia Forge Apt. 079-Leonardland, IL 06042
5622644|Candice|Robinson|MV|2523 Jonathan Valley Suite 467-Justinberg, AR 45767
6027885|Ashley|Smith|AT|8434 Lane Neck-Angelaland, MO 83147
2853991|Susan|Anderson|LA|7489 Brad Wall Suite 282-Terrellstad, NJ 05161
4300122|Bryan|Pacheco|TW|32444 Brian Mountain-Collinsbury, CT 55824
2339888|Charles|Washington|SI|833 Jackson Freeway Apt. 196-North Angela, AS 55144
7101772|Jennifer|Mcclure|KR|11568 Michael Shoal-Lake Kirsten, AS 02414
6302192|Jessica|Gordon|FJ|USNS Fuller-FPO AA 75463
3370294|Olivia|Lopez|GM|PSC 3064, Box 3385-APO AE 64550
7338098|Toni|Smith|NA|4232 Brett Place Suite 871-North Lindaton, LA 26157
8593605|Adam|Johnson|BD|401 Johnson Canyon-Porterport, AS 12247
7091070|Christina|Clark|AO|Unit 2026 Box 5019-DPO AE 17714
553932|Courtney|Baldwin|ZA|69644 Crawford Roads-New Todd, LA 06263
6656900|Matthew|Harris|MR|238 Gilmore Island-South Kyle, MO 86332
4388715|Cynthia|Thompson|LV|7409 Paula Mills Suite 504-West Emily, SC 62647
2435845|Maria|Thompson|CV|35652 Weaver Land Suite 125-Timothybury, NY 14057
3312283|James|Gonzales|SL|16231 Brianna Valleys Suite 616-Josephton, SD 17434
1668545|James|Nichols|GH|21754 Joseph Shore Suite 848-West Michaelton, AR 18924
6064124|Emily|Shelton|PW|PSC 5299, Box 1319-APO AP 88162
443522|Jennifer|Vang|AT|2095 Lewis Stream Suite 873-Lake Jessicatown, SC 32272
8518602|Jennifer|Johnson|SK|53674 Rogers Way-North Jenniferbury, MH 85319
4512992|Tyler|Garcia|SE|21755 Garcia Grove Suite 418-Jamiechester, NJ 20244
5107838|Tyler|Rodriguez|PL|USNV Fox-FPO AP 06225
4975433|Brandon|Wheeler|GN|7185 Dorsey Shoal Suite 585-Warnerfort, RI 23470
1550714|Dylan|Ramirez|HT|723 Martinez Road Suite 838-Lake Brittanyshire, OH 88306
2614635|Robert|Ryan|IN|1836 Barnes Key Apt. 520-Amberport, GA 52492
7396106|Brian|Sandoval|HU|Unit 8520 Box 7093-DPO AP 22863
4802383|Philip|Davis|GD|USCGC Jones-FPO AP 13728
1080798|Mark|Johnson|AF|727 Charles Gardens-Cynthiaview, AL 48374
4155304|Michael|Fitzpatrick|CU|9796 Washington Port Suite 772-Santanamouth, NC 03217
4675702|Kaitlyn|Garcia|AT|623 Garcia Roads Apt. 407-Lake Lee, IL 44424
4154745|Ryan|Tanner|NL|5540 John Haven-Taylorside, PR 77490
6727167|Jamie|Hawkins|BR|4841 Lisa Keys-New Stephanie, TX 64090
2127797|Jennifer|Jones|GY|2632 Anderson Squares-Lake Brandonhaven, ID 34590
2728463|Dakota|Anderson|MV|8394 Freeman Curve Suite 095-Lake Nicholasborough, VI 13879
8258546|Alan|Baker|GR|64661 Bell Bypass-Langville, CT 37958
7170452|Adam|Stevenson|AU|26875 Carlson Trafficway Suite 943-West Robertland, OR 38010
3069313|James|Marshall|GY|994 Martinez Hollow-West Sharon, OH 21047
3645048|Samuel|Scott|SL|511 Tiffany Union-Lake Vanessa, MT 57356
3639545|Travis|Walker|MN|24057 Stuart Neck Apt. 375-East Apriltown, AK 93946
7359032|Amy|Hughes|PG|5756 Williams Junctions Suite 400-Evansshire, NC 56029
6536018|Daniel|Lewis|TM|3874 Smith Center Suite 370-Lake Marvinstad, AL 53199
2953174|Robin|Castillo|CI|36537 Samuel Freeway Apt. 353-East Richard, MO 69474
1831673|David|Stone|SM|548 Winters Falls-North Matthewville, MD 66160
7315029|Jessica|Dean|BG|USNV Walker-FPO AP 78810
2334647|Carrie|Lopez|LB|0193 King Villages-New Aaron, SD 47311
2982710|Katherine|Myers|BZ|028 Weiss Circle Apt. 324-Benjaminshire, GU 53360
6134601|Tricia|Richardson|LV|387 Alexandra Lodge Apt. 816-Barajasberg, AL 86437
2321272|Heather|Padilla|PL|09627 Shari Brooks-East Elizabeth, WV 11932
2650928|Stacey|Barron|IQ|62914 Thompson Center Suite 954-Audreyshire, LA 45366
4704691|David|Rogers|MT|828 Fisher Inlet Apt. 929-North Christine, MT 66056
4342039|Michael|Williamson|DO|1502 Shelia Turnpike-New Nathaniel, MO 97937
4090223|Emma|Evans|NP|108 Kelly Neck Apt. 702-East Joanne, WV 12904
1070039|Andrew|Nguyen|BI|2305 Ramirez Route Suite 046-Lake Matthewmouth, MA 89265
165210|Andrew|Thompson|KN|7098 Cody Walks Apt. 843-North Randyfurt, IL 90512
5767454|Joanne|Webb|MZ|USNV Little-FPO AE 94788
8835873|Marvin|Rodriguez|PT|869 Sims Park Apt. 494-Susantown, CA 57711
2926611|Caitlin|Stewart|SO|58081 Miller Canyon-Lake Kathy, AL 66356
536521|Zachary|Gilbert|BJ|1417 Parker Station-East Spencer, NE 47381
7075027|Stephanie|Hernandez|IQ|7493 Roberts Glen Suite 972-Alexandriamouth, MT 87214
7271848|Sabrina|Hart|PE|877 Tony Lane-Hunterland, AS 34913
522148|Victor|Nguyen|DK|606 Andrea Lodge-Jonesmouth, GU 92703
5554397|Shelby|Jones|UG|9964 Tracey Club-New Anthony, MP 14350
1770573|Cheyenne|Donovan|AT|Unit 6288 Box 0932-DPO AA 11467
263017|Brian|Harris|BD|08379 Beck Club-New Charlesville, NE 59518
3163602|Ashley|Fowler|MX|4295 Carol Fields-Tiffanytown, NH 48388
4011519|Joshua|Buchanan|SZ|632 Smith Mall-Jessicaview, PW 23293
679652|Paul|Smith|PL|79271 Ramirez Rest-Gentryborough, OH 90227
295453|Joanne|Walls|ST|599 Angel Road-Tonychester, NM 96295
6082984|Beth|Miles|AD|057 Timothy Track-Cohenport, KS 49517
3071459|Julia|Reeves|AO|7322 Amy Spring-Jacobhaven, ND 38004
5740164|Deanna|Mack|UG|6633 Carla Oval-North Annetteville, VI 03324
7117130|Gary|Bush|FR|2787 Nancy Valley Suite 247-Andersonfort, AL 61326
377118|Robert|Griffin|DK|969 Kurt Cliffs-Youngchester, LA 38328
8668928|Michelle|Moore|NL|USCGC Costa-FPO AP 74413
3969714|Matthew|Green|SB|49735 Anderson Well-Mendezview, VT 53584
1675856|Kenneth|Chavez|GD|330 Emily Tunnel Suite 792-Tinachester, MN 94893
8807372|Tyler|Clark|LT|USCGC Fry-FPO AP 09293
1858867|Mary|Perry|BN|6943 Allen Lane Apt. 944-Martinport, LA 69898
2981791|Lee|Deleon|MZ|81657 Taylor Spring Apt. 716-Rogerstad, PW 96481
4680873|Colin|Jackson|DJ|USCGC Black-FPO AE 11393
473297|Jeremy|Richardson|MG|9187 Hamilton Crossing Suite 379-New Shawnhaven, MP 30690
5464275|Cheryl|Roberts|ET|USCGC Hall-FPO AP 49710
855568|Samantha|Clark|RS|486 Lopez Crossroad Apt. 285-South Reneehaven, WV 43812
6168054|Nicole|Cook|UY|84150 Diana Ridges-Matthewmouth, CO 28356
3454937|Philip|Hobbs|UZ|499 Frederick Streets Apt. 746-Stephenbury, IL 90437
5154793|Jeffrey|Roberts|FI|3915 Becker Lakes Suite 600-Markfurt, ME 56815
4305569|Alexander|Boyd|SM|87951 Bell Springs Apt. 192-Port Robertstad, TX 16713
2971676|Renee|Gonzales|HR|9147 Stewart Extensions Apt. 494-Brandontown, PA 48500
7380920|David|Leach|OM|PSC 6441, Box 5173-APO AE 61126
2350716|Rebekah|Fowler|GR|USCGC Lopez-FPO AP 07009
6149278|Jaime|Murray|HU|9187 Michelle Cape-Christineton, FM 02379
6402695|Stephanie|Mccall|UY|516 Monica Fort-South William, NM 97985
7178775|Donald|Schaefer|KW|Unit 9142 Box 5369-DPO AP 05301
2700037|Katherine|Mckay|MC|34405 James Wells Suite 736-New Jesse, AK 58050
4924866|Billy|Pugh|ET|234 Lindsey Shoal-Stephenberg, CT 12429
8183531|Robert|Jones|ST|7743 Brown Landing Suite 242-East Ronnie, NE 75057
8449470|Damon|Rice|RW|4626 Timothy Estate Suite 377-Port Daniel, RI 35768
2404502|Ronald|Whitaker|LS|44508 Miller Forks-Juliefort, AL 91205
2150542|Lori|Rogers|IN|72898 Joshua Falls Suite 206-Sototon, DC 67233
4520989|Teresa|Wilson|NP|74791 Elijah Skyway-Brianport, VA 39466
3101621|Joseph|Miles|BJ|435 Green Extensions Suite 367-North Tamarashire, HI 33037
2677119|Samuel|Jones|GY|241 Vincent Burg-Jamesmouth, MD 18096
6016260|Michelle|Howell|FR|4741 Middleton Courts Apt. 754-South Scottfort, HI 29058
2544095|Andre|Lucero|IT|091 Watts Streets Suite 907-Port Emily, MO 87286
7967300|Brandon|Brown|UY|8187 Alvarez Light-New Maria, PR 07756
3782919|Christopher|Hughes|MT|512 Jordan Square-New Samuel, SC 62484
1284234|Jennifer|Gilbert|AL|6259 Brown Isle Apt. 940-New Billyview, WA 09088
6510432|Keith|West|SL|18493 Johns Fort Apt. 840-Port Caitlynville, SD 45776
5435535|Shelby|Howard|IR|9754 Sullivan Crescent-Richardshire, AR 94591
3722389|Jessica|Tanner|SK|9131 Margaret Stream-Lake David, FL 45574
8540957|Corey|Smith|MK|080 Castillo Mission-Teresaside, VI 03534
7897695|Brett|Evans|NP|153 Jonathon Prairie-New Jessica, GA 98214
4442919|Jessica|Peterson|CL|Unit 5025 Box 3718-DPO AE 27308
6395043|Gerald|Mclaughlin|IQ|0429 Jeffrey Freeway-Merrittside, OK 31983
4196781|Mary|Pierce|CL|98542 Ellis Freeway-Parkershire, CT 36811
2886846|Jessica|Savage|SR|936 David Prairie-Johnsonstad, CA 23560
2513367|Kara|Rubio|TW|65467 Margaret Mews-East Brandon, NH 43415
109802|Justin|Kelly|AM|419 Schultz Estate Apt. 755-Port Markside, NY 72520
2723414|Willie|Lopez|BH|PSC 0571, Box 6522-APO AE 73745
4474698|Brian|Chambers|JM|80655 Stevenson Drive Suite 706-Christinashire, DC 61859
6797105|Lauren|Adams|KW|185 William Springs Apt. 758-Knightstad, DE 71335
3899298|Arthur|Harris|NI|2085 Michael Skyway-Campbellfort, ID 76363
2984883|David|Duncan|BG|70669 Davis Course-Corystad, PA 60497
7656227|Jessica|Sanders|GQ|242 Peggy Curve-Scottton, TX 43038
1618891|Fred|Anderson|GH|7838 Amy Brooks Apt. 332-Davidstad, UT 48786
3100181|Colton|Nicholson|ER|9619 Rogers Bypass-Lanefort, VA 48878
2917774|Suzanne|Perez|CU|75093 Webster Place-Port Ericberg, NY 83370
2928001|Jared|Sanchez|KZ|5603 Kenneth Trail Apt. 517-Jonesbury, MA 82334
6735979|Heather|Ramirez|BF|7429 Stacy Lake Suite 302-South Gregory, MT 62796
7308731|James|Tran|TL|066 Bradley Shore-Josephberg, WI 07453
1672887|Wendy|Francis|IN|84666 Savannah Trafficway Apt. 743-Woodstad, MA 04989
142682|Lisa|Dudley|YE|1110 Leonard Ports Apt. 919-Hunterberg, KS 79775
4933939|Tracy|Caldwell|PE|PSC 8757, Box 2769-APO AA 07429
2309518|Renee|Taylor|BE|326 Patrick Track-Port Gregoryland, OH 27869
5184161|Christopher|Soto|AD|68321 Carolyn Walk-Tammystad, FM 85559
305379|Taylor|Brown|SN|Unit 5834 Box 7725-DPO AP 73553
4156680|Jeff|Ballard|CL|54936 Jennifer Plain-Lopezfort, MT 60747
2437712|Kristen|Kaiser|DZ|1910 Jason Fall-Stevenfurt, OR 79808
5928574|Carlos|Sharp|LA|0599 Sabrina Island Apt. 623-Jenkinsmouth, NH 19856
5843187|Nicole|Oliver|FI|PSC 0406, Box 5749-APO AA 06266
6227785|Mary|Gonzalez|PT|5207 Ayala Groves Apt. 044-North Peterhaven, VT 35978
7693302|Brandon|Mitchell|HT|240 Katherine Keys Suite 736-Lake Jamesfurt, AR 02778
4473244|Jennifer|Willis|CO|5068 Richard Center-Velasquezburgh, OH 49958
1777692|Melanie|Bennett|HR|2642 Ramos Ranch-Fosterland, WA 51595
4479062|Zachary|Coleman|TN|822 Joshua Freeway Suite 045-Torresberg, NC 63436
2829046|Kyle|Thomas|CU|6748 Jamie Station-Suttonmouth, IL 73072
6797149|Sandra|Miller|HT|2776 Sharp Drives Apt. 406-East Nicholas, WY 59131
4321622|Andrea|Scott|CR|727 Drake Canyon-East Sean, OR 54077
6330483|Michael|Moore|BO|48326 Darren Mall-North Alexandrahaven, IN 30991
2748769|Ashley|Freeman|GA|768 Steven Union Apt. 103-West Amandaton, NJ 99553
7266771|Rhonda|Dixon|SG|46662 Samantha Loop Suite 378-Port Laurenland, TN 60616
8419147|Kelsey|Mitchell|PW|83787 Wheeler Road-Lake Evelynville, LA 75405
8633983|Christopher|Aguirre|GT|62455 Matthews Summit-West Ryanland, GA 57799
3483326|Nichole|Shaw|PW|8005 Brown Trafficway-Christiebury, MP 44309
2014410|Stephen|Le|TM|60974 Robinson Road-North Amanda, MS 82098
5988118|David|Russell|JO|597 Jarvis Field Apt. 912-North Robert, VT 23038
7853113|Katrina|Wilson|NZ|31553 Tyler Estate-New Aaron, IA 21213
2270712|Chelsea|Wiggins|KE|495 Scott Lodge-South Erica, MD 71813
5871374|Brianna|Roberts|GA|0444 Tara Crossroad-Cindyborough, MN 05336
5681316|Roberta|Wood|LB|3213 Wells Glens Suite 941-West Kathleenton, PW 71224
3784318|Lindsey|Ellis|GM|7062 Tiffany Corners Suite 288-East Craigberg, TX 17185
6739181|Joshua|Olson|AR|7185 Nguyen Mountains-New Andrew, VT 06434
3711840|Jamie|Scott|MC|21299 Kim Skyway Suite 530-Lake Rebecca, IN 23295
339513|Melinda|Cooper|RO|44141 Burgess Stravenue-Hannahstad, NV 31379
8173756|Audrey|Taylor|TN|78600 Heather Green-Josephchester, CT 25072
965255|Aaron|Erickson|BI|58140 James Mall-South Amberton, RI 60651
8649930|Derek|Duarte|KH|63888 Holly Hill Apt. 927-North Teresastad, MH 62122
3919520|Jean|Rose|MR|03195 Brian Streets Apt. 681-North Michele, VA 14024
7208278|Benjamin|Kelly|SO|642 Silva Grove Suite 694-Port Anthonyland, WV 80352
811921|Cody|Ferguson|SE|USNV Jones-FPO AP 91469
5856884|Carolyn|Coleman|LI|875 Ann Mill-South Christopher, PA 53650
8785124|Felicia|Peters|ZA|37476 Taylor Glens Suite 762-Gilbertfort, MI 46429
7409542|Connie|Rogers|SR|8401 Kimberly Loop Suite 900-North Thomasmouth, ND 44220
7766576|Autumn|Martin|ET|76547 Harrison Vista-Lake Patrickview, DE 88753
5679417|Michael|Miller|SY|PSC 6988, Box 4532-APO AE 77400
913098|Lance|Conley|KH|8866 Bruce Hill-Davidmouth, NH 40027
6098430|Megan|Stevenson|MA|2161 Corey Roads Apt. 743-Lake Kyliefurt, RI 38873
3256027|Breanna|Camacho|LT|44495 Durham Manor Suite 347-New Rickyfort, SD 89576
3177777|Monique|Jennings|MN|50743 Ashley Freeway-Lake Katie, KS 59937
90623|Claire|Hughes|JM|USS White-FPO AA 49152
3128141|Candace|Montoya|TH|Unit 5845 Box 2296-DPO AP 78237
6828581|Molly|Ritter|CD|Unit 5768 Box 5272-DPO AE 51706
129156|Jessica|Scott|SI|PSC 8940, Box 8830-APO AP 78581
5954917|Dawn|Flores|GY|49051 Nicole Route Apt. 445-Nguyenport, PA 60353
1549063|John|Campbell|SE|187 Jeffrey Groves-Jasonmouth, OR 42356
7623936|Katrina|Medina|NL|68844 Joseph Heights-North Richardfurt, AK 07071
1298194|Heather|Livingston|TV|017 Cassandra Rapid Apt. 551-Freemanview, TX 86164
2323337|Erika|Smith|BD|2029 Susan Isle Suite 605-West Tinaview, NC 03527
1087452|Holly|Robinson|JM|724 Sherry Walk-South Nicholastown, MO 89395
3730869|Deborah|Weber|LS|73351 Schultz Tunnel Apt. 508-West Lisaview, MN 69809
3662295|Katherine|Bradley|ZM|Unit 3689 Box 4450-DPO AA 39234
5402126|Margaret|Moore|DM|609 Rebecca Unions-West Nicholaston, OR 46291
6683297|Eric|Freeman|JO|35257 Zachary Way Suite 503-Lake Michael, NV 71985
4355051|Adam|Williams|KE|223 Bird Circle Suite 839-Rogerschester, VA 01436
8213560|Elizabeth|Elliott|NP|USS Butler-FPO AE 61556
100495|Jennifer|Moore|NZ|388 Kelly Curve-Jensenborough, PA 55524
6176034|John|White|MG|656 Leach Shores Suite 677-Tylerfurt, MD 58845
4941490|Heidi|Mcclure|GH|Unit 8002 Box 6891-DPO AP 61449
6349618|Daniel|Baxter|IN|28889 Kim Haven-Port Ann, VA 59547
2498741|Kevin|Miles|TW|5090 Rivera Island Suite 725-North Tracyburgh, OK 85143
8119786|Victoria|Murphy|CF|46928 Ruiz Ports Suite 218-Lake William, NY 37607
2359703|Cory|Savage|JP|126 Michael Light-Luisbury, DE 68991
3306863|Daniel|King|JP|742 Spencer Square-North Ivanton, NJ 51709
8296448|Seth|Fox|EG|Unit 1472 Box 8875-DPO AP 77401
5627011|Todd|Morgan|CA|889 Kathryn Parkway-East Dustinside, FM 95673
304712|Yesenia|Herrera|BS|0326 Moore Grove-Lake Aaron, VA 19163
1643555|Allison|Allen|SI|56245 Dustin Dale-Robertschester, TN 24032
5898394|Jonathan|Anderson|UY|199 Debbie Lodge Apt. 475-Robinsonmouth, LA 68039
5573672|Nicholas|Meza|CA|7533 Cynthia Station Suite 398-North Dean, NV 95823
5712046|Robert|Garza|AD|82055 Gonzalez Points-Lake Natalieside, AZ 59518
6108965|Ashley|Pace|MT|94524 Courtney Spring-East Elizabethland, AK 67895
2136725|Michael|Sandoval|NA|6940 Edward Mission-Port Katherine, UT 57951
6044124|Carolyn|Warner|KZ|20049 Margaret Rue-Lake Billmouth, NH 12911
7635940|Ricardo|Castillo|AF|9671 White Summit Suite 251-Karenchester, AR 20586
758475|Kristina|Cox|FI|68470 Bradley Ferry-East Madison, ND 78881
7735798|Gabriela|Espinoza|BF|234 Michael Stream-Carrieburgh, NM 04295
2295783|Joseph|Harris|MW|32493 Matthew Way-Lake James, TN 79522
6457629|Rebecca|Peterson|SO|71118 Stanton Light Suite 867-Coryport, AZ 28910
8481652|Daniel|Collins|CN|835 Powell Bypass Suite 245-West Dennis, WY 07394
6629596|Scott|Miller|BZ|Unit 5509 Box 5653-DPO AE 28579
1281929|James|Neal|KG|16880 Maurice Walk-Lake Matthewmouth, KS 68633
3371347|Frederick|Wheeler|NP|621 Luis Freeway-South Lisa, NC 30702
3206481|Brett|Davis|LU|7494 Delgado Fords-East Andrewport, ND 67190
6607325|Scott|Thompson|NL|7128 Jon Burg Apt. 258-North Michael, VA 40679
2545025|John|Weber|BJ|431 Stephanie Groves-Lake Danielstad, FL 04120
4068219|Jeremy|Carpenter|IE|USS Burns-FPO AA 12535
464853|Patricia|Hogan|US|057 Burgess Summit Apt. 508-Barrettville, WA 94688
2242250|Timothy|Costa|KM|9219 Glover Park-Wendyberg, WA 44694
8153887|Amy|Phillips|CV|PSC 0382, Box 0964-APO AA 22417
3927324|Paul|Jefferson|ST|8570 Hart Run-East Thomasview, VI 97008
626397|Stephanie|Clark|DO|7216 Robert Course-Port Timothy, AL 09498
7432151|Denise|Harvey|SD|USCGC Morales-FPO AA 58123
1694849|Gary|Romero|IT|2019 Jennifer Stravenue-Martinfurt, WA 73224
1711408|Yvonne|Garcia|CL|564 Brown Wells Apt. 412-Clarkside, GA 60067
2977273|Travis|Davis|AZ|738 Stone Pass-Lake Angela, AZ 13708
7636327|David|Washington|HT|515 Edward Mission Apt. 599-New Kathleen, HI 23174
5152817|Jennifer|Mccann|MA|48639 Henry Fort Apt. 099-Ibarraland, HI 20594
3824304|Cameron|King|CF|3163 Griffin Circles Suite 338-East Gregory, AK 64327
4855275|Ann|Howell|MZ|596 Justin Haven-Sandovalhaven, MS 08922
6819980|Jerry|Nash|LU|443 Holly Fields-West Michaelmouth, IN 38550
5185658|Veronica|Owens|MR|01991 Joseph Lock-Tonyafurt, NM 22354
7797169|Elizabeth|Martinez|PW|40112 Melton Cove Suite 163-Port Elizabeth, PA 89986
6059508|Michael|Reyes|RO|5330 Stevens Ford Suite 257-Michaelfort, AS 39223
3245839|Samantha|Brooks|NG|8413 Elizabeth Isle-Lisatown, ID 95626
6189971|Nathan|Jones|BJ|66914 Stephanie Ferry-West Bettyborough, IA 47054
5077898|Carol|Delgado|GE|1352 Taylor Summit Apt. 697-New Kayla, VT 01954
6070662|Gerald|Harris|DK|83946 Martin Lakes Apt. 970-East Tracieside, TX 18733
7996740|Maria|Vargas|MW|46564 Kristopher Viaduct-North Deniseton, OH 40975
4687228|Christina|Kennedy|CR|903 Joshua Hills-Allisonside, ME 71808
5979338|Juan|Cooper|VE|7190 Dunn Rue Suite 922-Sarahchester, MT 69286
1032069|Manuel|West|CR|329 Hodge Bridge-New Melissamouth, ME 12675
8647834|Gary|Pace|SI|1544 Cassandra Isle-Lake Amanda, OH 23952
5377904|Emily|Jordan|GM|95737 Richardson Club Suite 773-West Christopherchester, OK 12230
2565492|Douglas|Burton|PH|1773 Brittany Streets Apt. 472-Chrisville, NC 35404
7164061|Jim|Gomez|MT|USS Smith-FPO AA 21658
6908477|Samantha|Logan|SE|6819 Williams Crossroad-East Brett, VT 96849
5242894|Pamela|Cunningham|BF|697 Heather Knolls Suite 456-Fryeberg, MP 28219
3384442|Jenna|Miller|CL|9502 Jones Greens-Elliottshire, NC 38459
6275212|Jason|Mercer|GM|48644 Vincent Villages-Port Brittney, VA 88577
1268489|Michael|Mitchell|AT|PSC 6573, Box 9585-APO AP 70264
4881040|Johnny|Castro|RW|576 Scott Mall Suite 991-Collinsfort, PA 45119
8338163|Zoe|Carlson|SA|86577 Jeremy Valley-Bellview, AK 61033
4988786|Phillip|Jackson|KZ|4129 Savannah Crest-East Rachel, ND 11236
4130326|Susan|Bishop|PY|Unit 4703 Box 5495-DPO AA 12019
3623512|William|Malone|AM|591 Durham Port Suite 418-Santoshaven, UT 18758
4956439|Robert|Dixon|JM|3487 Derek Ranch-North Jasonside, MH 92621
6771512|Stephanie|Donovan|CF|Unit 7377 Box 2658-DPO AE 47176
6440492|Daniel|Ho|PE|Unit 7136 Box 2593-DPO AA 71737
3276623|Brandi|Kline|MG|6294 Brown Road Apt. 621-Diazside, ND 36947
2210864|Laura|Lambert|GM|2861 Wilson Union-Jonesmouth, WV 88439
1667976|Melvin|Whitehead|BW|10260 Fred Springs-Calvinmouth, GU 96270
2362782|Kelly|Griffith|VC|5836 Daniel Expressway Apt. 610-East Teresa, KS 48816
1907467|Sarah|Castaneda|CM|463 Francis Gateway-Edwardhaven, MI 17653
5661767|Tabitha|Gonzalez|TJ|77429 Kelly Via-Aliciafort, NE 84136
1993346|David|Gray|MU|9339 Taylor Highway-Greerbury, MT 80533
6491802|Amy|Davis|TL|Unit 5471 Box 0624-DPO AA 70415
3322609|Cameron|Miller|CL|05499 Crystal Mews-Port Sarahborough, AS 42544
6744183|Dominique|Nielsen|SA|6386 Hernandez Mountains-New Louis, CT 23179
1509913|Kathleen|Daniel|SN|66862 Meza Rapid-Velasquezmouth, NV 43631
8533417|Megan|Hunter|SM|28263 Chavez Meadows Apt. 729-South Barbara, WY 39129
3956230|Ryan|Martinez|GR|19068 Jonathan Park Apt. 425-West Rickybury, VT 53206
671702|David|Mccann|VN|11023 Maria Turnpike-Joelport, DC 69954
2627335|Sara|Ramos|MZ|USNV Cross-FPO AA 05135
1565929|Gary|Meza|GY|2074 James Pike-Tinatown, DE 72129
2002950|Ronnie|Michael|ME|927 Clark Rapids-Davidview, OR 84216
4291513|Megan|Griffith|WS|Unit 6892 Box 7137-DPO AP 13346
6352504|Corey|Baker|IL|727 Weber Walk-East Juan, AR 50682
1538904|Charles|Johnson|SB|8148 Colton Land Apt. 519-Mcculloughfort, TN 87408
7755392|Clayton|Sweeney|SO|67694 Veronica Stream-New Alexland, VI 90042
3223724|Erica|Beasley|GR|698 Daniel Wall Suite 622-South Kennethton, OK 43899
8376760|Diana|Holland|BW|026 Lopez Corners-Port Jeremy, CO 86533
6461849|Gregory|Matthews|BI|729 Stacy Ports Suite 371-North Timothybury, VI 39350
1897830|Mary|Becker|SN|5933 Maxwell Hollow Apt. 783-Irwinmouth, NY 59956
2469651|Tanner|Phillips|UA|1257 Hayley Plaza-West Timothyfurt, WA 61508
6510586|Whitney|Rivera|NP|Unit 9549 Box 6645-DPO AE 47004
2326511|Bradley|Booth|SL|91849 Robert Viaduct Apt. 672-Ericaberg, PR 05930
6111678|Daniel|Brown|JO|68823 John Cliffs-Port Andrewmouth, UT 92697
426309|Jeffrey|Washington|CU|67030 Harris Lake-South Joshuamouth, CT 28677
6507669|Brian|Ramos|LK|71604 Emily Plaza-New Tamaraside, ID 69543
5061337|Hannah|Beard|GQ|968 Erin Terrace Apt. 838-New Valeriebury, DE 06382
6114505|Gina|Thompson|MM|41778 Chad Vista Apt. 225-Delacruzberg, DE 69951
1120670|Tammy|Lynch|SN|9955 Mccullough Walks-New Stevenfurt, KS 26789
7100699|Elaine|Baker|JM|176 Annette Parks Apt. 167-Aguilarside, OK 85340
6250552|Dawn|Johns|CM|80275 David Stravenue-New Stephanieborough, CA 99874
3392554|Beth|Velasquez|IR|01404 Justin Causeway Apt. 030-Priceberg, WI 56347
2316479|Sarah|Levine|MN|3950 Patricia Fork Suite 768-Richardmouth, AS 23443
593861|Dustin|Buchanan|HN|03074 James Crossroad-Port Corey, VA 20970
4501282|Corey|Wilkerson|LY|7701 Christine Camp Suite 809-Wallacehaven, NC 54086
7340037|Lori|Ward|SC|7567 Matthew Parks Apt. 398-Ashleymouth, MI 05353
5430169|Sharon|Jackson|PA|8863 Michael Field-East Michael, MD 73918
2117823|Nancy|Hernandez|AL|4227 Andrews Canyon-Brianton, HI 74568
1955107|Michelle|Daugherty|KH|893 Gabriel Stravenue-Christinaborough, CO 15698
5756792|Anita|Carrillo|SA|7970 Michelle Cliff-Powellborough, FL 21379
6993098|Benjamin|Charles|IR|499 Wagner Ridge-Jacksonville, CO 96882
6373870|Christopher|Wiley|US|335 Farrell Station-Garciaburgh, AR 27870
1165731|David|Raymond|PS|5908 Bowen Green Suite 068-Kaylashire, FM 79212
2905991|James|Craig|SN|6006 Mitchell Estate Apt. 350-Nicolemouth, NE 74536
5914754|Gina|Strickland|SL|0274 Riggs Meadows Apt. 021-New Christophertown, NH 23398
6767948|John|Wilson|FJ|33333 Wilson Drive Apt. 895-Lake Vanessa, IN 63154
2909768|Cheryl|Kim|BB|USCGC Perez-FPO AA 46071
833951|Diana|Gentry|CH|52625 Johns Terrace Apt. 497-Christopherport, NH 96232
119073|Frank|Raymond|KR|17774 Dominique Mall Apt. 924-Sharonmouth, UT 07491
7272429|William|Hensley|FR|163 Rodgers Glens-East Brandy, OK 33142
2573694|Ralph|Garner|BN|PSC 5481, Box 9725-APO AA 36219
2660163|Christine|Ramos|GE|USNV Hobbs-FPO AA 03653
5416970|Robert|Boyle|CG|0975 Kimberly Key-New Andrewberg, MD 39068
5302496|Debbie|Lyons|DJ|30007 Miles Villages Suite 096-Harryberg, MA 11101
5920093|Kevin|Bray|KE|2446 Kennedy Trafficway Apt. 898-Johnsonmouth, WV 53220
4555406|Cindy|Kennedy|TZ|93831 Caldwell Spring-East Travisville, CT 74519
8591439|Kendra|Guerra|EG|8017 Cochran Burgs-Nelsonburgh, UT 64314
8144270|Michael|Gibson|IS|850 Aguirre Brook Suite 606-Christophermouth, FM 76567
8227475|William|Lewis|NL|USNS Williams-FPO AA 09678
5308658|Dustin|Gilmore|BN|97973 Atkinson Mountain Suite 743-Port Samuelchester, NV 31386
999099|Timothy|Farley|SN|90346 Steven Lights-New Travismouth, OH 11567
7563100|Brent|Moses|TO|9601 Julian Cove Suite 960-New Jackieberg, NE 72735
3187451|Jillian|Howard|DJ|538 Emily Passage-Jacobston, NC 44810
8473811|Emily|Hughes|VA|89634 Gina Springs Apt. 990-Christopherborough, NY 71158
5401957|Felicia|Francis|GY|38394 Cummings Cliff Suite 633-North Kevinbury, NY 04279
4388321|Michael|Lara|US|870 Nicholson Via Suite 698-West Barry, NE 01396
6500256|Kimberly|Maxwell|VN|07559 Alexandra Inlet-West Daniel, ME 14135
4828260|Karina|Padilla|IN|094 Caleb Grove Apt. 753-Cooperstad, WV 50164
5916099|Todd|Washington|FR|474 Miranda Islands Apt. 302-New Scott, FM 94466
2610468|Gloria|Watson|SM|Unit 6062 Box 5109-DPO AE 97059
137706|Brianna|Horn|AT|678 Reeves Common-Lake Steven, WY 28462
1813596|Matthew|Fields|ST|12194 Travis Islands-North Patricia, IA 31200
6920006|Zachary|Boyd|JO|240 Steven Hollow-Port Sandra, MD 23414
8421253|David|Ramirez|MH|1993 Jeffrey Points Apt. 021-Michaelborough, PA 42817
7002266|Samuel|English|GT|PSC 7420, Box 0705-APO AE 68986
2645297|Stacey|Taylor|LB|6587 Lee Rue-Josetown, PW 06934
7880716|David|Holmes|GE|750 Powell Stravenue Apt. 319-Anthonyton, IN 17900
4071838|Timothy|Garrett|NI|652 Drake Square Apt. 513-Port Jennifermouth, IA 00795
2435869|Curtis|Howell|MA|Unit 6087 Box 7169-DPO AP 25475
8518843|Joshua|Anderson|GW|3572 Lewis Hill-Michaelmouth, IA 65194
6410451|Phillip|Deleon|SC|60854 Garrett Port Apt. 398-Millerchester, AK 67348
1980921|Megan|Simmons|JO|USCGC Barton-FPO AE 35095
7637940|Christina|Walker|AM|03118 Clayton Roads-Gonzalezview, AK 27889
5486902|Terri|Nichols|GY|456 Patrick Viaduct-Port Tammy, MT 77003
6504962|Barbara|Martin|MK|63681 Antonio Ferry Suite 500-Courtneyland, OH 40106
6640396|Henry|Avila|LU|811 Timothy Meadows Suite 856-Rogersview, PR 63457
6623535|John|Parsons|CD|646 Lawson Corner-New Stephanie, SD 64342
7788937|Jacob|Meyers|CO|62112 Christina Burg-Petersonmouth, WA 31575
2299867|Courtney|Garcia|CO|PSC 1385, Box 8129-APO AP 97430
2648805|Abigail|Johnson|AT|58139 Natalie Squares Suite 884-Millerburgh, KS 84475
5873741|Kendra|Christensen|MU|13612 Audrey Springs-Johnmouth, WI 59982
34306|Richard|Diaz|TM|662 Hicks Orchard Suite 070-West Matthew, IL 51106
7535365|Blake|Camacho|SI|09347 Charles Crossroad Apt. 426-Lake Ericside, TN 24413
3324518|Lori|Edwards|RU|8267 Bradley Park Suite 459-Jonesfurt, FL 12468
5965974|Mario|Jimenez|ET|Unit 6393 Box 8314-DPO AA 38756
3071105|Tyler|Morton|NA|USNV Stein-FPO AE 52483
2045453|Billy|Stevens|BB|0864 Molly Common Apt. 849-East Shannon, UT 87837
1321617|Jessica|Johnson|AE|643 Rachel Knolls Suite 148-Lake Kevin, NV 87350
7061496|Christopher|Duarte|KI|45644 Underwood Prairie Apt. 867-Tinatown, WA 65178
6041573|Tamara|Howard|CA|580 Ramirez Dam-Morahaven, MH 83968
8609015|Michelle|Gallegos|EE|792 Reilly Mill Apt. 766-Kristiefurt, OR 93908
6781896|Susan|Costa|ST|6747 William Mountain-West Jennifer, ME 08971
2963178|Stephanie|Patrick|GD|0515 Katherine Point Apt. 015-West Lisachester, PA 79358
4274917|Sharon|Watson|PW|021 Brown Key Suite 985-East Kylemouth, TX 16950
1721759|Kimberly|Carter|AL|062 Franco Greens Apt. 527-Curtisburgh, MP 51212
5345336|Danielle|Rodriguez|GA|60996 Andrew Village-Leahshire, KS 36637
4173699|Andrew|Diaz|FI|3010 Phillips Crossing-Kennethfort, TN 04850
8849318|Margaret|Perry|FR|7180 Larry Points Suite 912-New Jasminefurt, OK 93089
7343706|Catherine|Fuller|CF|USS Garcia-FPO AP 98796
2473731|Alejandra|Carter|SM|929 Amanda Lane Suite 076-East Sophia, FL 10296
1373384|Kimberly|Castro|LC|84016 Karen Prairie Apt. 710-Tylerland, PA 79305
1423745|Michael|Cunningham|BT|34803 Rivera Curve-Kimborough, NY 71351
7749151|Roy|Brown|EC|39912 Hernandez Summit Suite 699-Williamborough, WV 89283
5578188|Robert|Brennan|CR|USS Monroe-FPO AP 01113
8406734|Christopher|Arnold|TM|13399 Emma Drive-New Karen, MN 16306
507650|Regina|Johnson|VN|118 Ferrell Light-West Lindaland, TN 01243
357547|Gabriela|Andrews|CO|398 Keith Skyway-Port Debra, NM 97707
1619727|Samantha|Jackson|TR|6819 Tonya Hills Suite 375-Patrickborough, MP 88676
7680245|Shawn|Robinson|AM|18906 Lance Stream-East Anthony, PR 59283
1841448|Gary|Ellis|AD|USS Owens-FPO AP 70555
2338572|Stephen|Maddox|EG|823 Daniel Islands-Andrewshire, NE 39233
3954561|Nicole|Thompson|MV|6911 Richard Knolls-East Teresaburgh, HI 91962
4632869|Kimberly|Figueroa|MU|30280 Santos Branch Suite 737-Jonesport, FL 01498
6431493|William|Ramirez|SO|20696 Cruz River Suite 248-Lake Kimberly, VA 52502
7296527|Gail|Wilcox|TV|105 Medina Spur Suite 990-Davisside, MT 32772
1840875|Thomas|Edwards|LV|9871 Martin Heights-Garzastad, LA 26891
379360|Traci|Rodriguez|DZ|56982 Sean Coves-New Kevin, KS 11332
1744502|Jeffrey|Martinez|IT|34377 Walsh Drive-Boydport, CA 32328
4529506|William|Oconnell|BA|59331 Alexandra Spur-Jasonstad, IA 48513
3155068|Holly|Richards|GE|5897 Tanya Cove Suite 053-Adamport, OK 64942
6196332|Kevin|Hawkins|KP|PSC 1434, Box 2897-APO AP 33653
3709999|Philip|Stephenson|GR|332 Anthony Way Apt. 027-Kathrynburgh, VT 51487
2715721|Tammy|Weaver|RS|1994 Daniel Plaza-Charlesview, ME 27007
4133846|Alexander|Garcia|SM|785 Jackson Stravenue-New Kevin, WI 30715
3202322|Melanie|Evans|NG|34687 Lin Knoll Apt. 191-South Zacharyton, CT 21912
1661211|Amy|Lee|CO|8699 Eric Mission Suite 631-Port Christopher, OH 58659
6792689|Daniel|Thompson|SR|6593 Shannon Trail-Huangmouth, MA 17407
4388076|Catherine|Lopez|IQ|PSC 6681, Box 8480-APO AP 53399
6321158|Brian|Edwards|MR|680 Brandon Highway-East Andrewmouth, GA 96816
3185971|Laura|Garcia|AU|102 John Dam Apt. 819-Brownborough, TX 20438
3101406|Ashlee|Scott|MC|589 Mark Land-South Josemouth, VI 46554
2622307|Nicholas|Cooper|MX|478 Dominguez Squares Apt. 801-West Jason, DC 95577
1562116|Manuel|Burke|JO|PSC 7731, Box 8941-APO AA 51160
3014418|John|Swanson|MM|5669 Andrea Mills Suite 052-New Justinfort, FL 54329
1003867|Sarah|Allen|PS|504 Delgado Tunnel Apt. 917-Davisside, CO 11474
6180702|Carl|Chapman|HN|28388 Jackson Mall-Kristyland, MA 45304
7668948|Tracy|Mckinney|NE|5780 Ian Brooks-New Ashley, NE 73816
5215006|Rebecca|Turner|WS|0054 Lee Fields Apt. 491-Gregorystad, WI 63806
1809339|Brian|Salinas|MK|804 Weber Orchard-East Natashahaven, TN 92609
2802367|Michelle|Sanchez|ZW|712 Gina Forks-South Roseshire, ME 94745
6426294|Alyssa|Mathews|MA|Unit 6541 Box 4345-DPO AA 73525
3374525|Michael|Lopez|NZ|PSC 0567, Box 0147-APO AE 14385
1052675|Erin|Butler|CD|99548 Jesus Shoal Suite 867-West Jessicamouth, SC 61989
4698688|Henry|Smith|NE|29454 Hayes Circle Suite 471-Lake Howardstad, SC 43836
4453320|Michaela|Lee|SY|03442 Chen Square Apt. 247-West Katherine, IL 51937
5355747|Scott|Yates|EG|274 Cristina Junction-Amberberg, AK 99716
3077260|Jason|Shelton|DM|7985 Matthew Crossing Apt. 522-East Shelly, NV 96400
3149450|Patty|Coffey|FM|48746 Nancy Forge-Port John, OH 43775
8095457|Kimberly|Paul|IL|441 Henry Park Apt. 775-Port Brian, ND 35461
3285197|James|Berg|EG|419 Mcintosh Harbors-Lake Cameronburgh, IA 99632
3826475|Heather|Oconnell|SZ|08095 Jason Ranch-Velazquezhaven, NY 83099
6106428|Brian|Blair|CU|244 James Curve Apt. 719-South Erikmouth, SC 98803
5632317|Wayne|Knight|TM|5301 Katherine Oval Suite 538-Brownberg, CO 98496
978038|Natasha|Miller|KN|PSC 6611, Box 9498-APO AE 64588
5497588|Bridget|Keller|MA|200 Deborah Springs-North Shelleychester, FM 33873
8793414|Amanda|Jordan|LB|5646 Rachel Light-Meganchester, AK 92596
789355|Jacob|Rowland|KG|672 Petersen Mountain Suite 806-Laurashire, FL 06115
984472|Joe|Rose|BW|378 Bonnie Trace Apt. 358-Andreamouth, WY 73637
3243671|Krystal|Clark|UZ|6916 Michael Highway-East Tammymouth, CO 26450
1439536|Mary|Mitchell|PG|USCGC Roman-FPO AE 22401
3636855|Joseph|Webster|AL|347 Beth Orchard Suite 180-Maryfort, WI 79417
1534979|Jason|Jones|IN|5421 Meghan Cove-Samuelstad, OK 52840
8365082|Casey|Harris|SB|PSC 8462, Box 6966-APO AP 77540
788960|Victoria|Hamilton|ZA|730 Hunter Fort Suite 927-West Margaret, MH 16781
8567854|Linda|Burton|TM|96517 William Pine-Port Ryan, NJ 82158
1299397|Loretta|Mills|KM|02879 Timothy Course Apt. 109-North Robert, VT 59101
220172|Carl|Garner|BD|42437 Joel Way-New Jennifer, KS 88390
8602842|Amy|Mitchell|AG|908 Jamie Cove-Cynthialand, MT 51609
383053|Laura|Sanchez|SK|478 Vargas Row Apt. 714-Williamsmouth, WY 33857
1411655|Heather|Martinez|UA|515 Chang Junctions Suite 628-Tylertown, OK 04565
404390|Brendan|Martinez|VA|2592 Martin Flat-South Kathryn, KS 06259
1636414|Steven|Bennett|LU|166 Richard Creek Suite 755-Port Joshuamouth, IA 59350
3564431|Linda|Carter|BZ|055 Jonathan Divide Suite 771-Jillstad, NE 27186
750811|Elizabeth|Rose|BB|21183 Gutierrez Via-New Justin, SD 17839
8439781|Robin|Espinoza|BE|552 James Mission Suite 259-Farleyfort, OH 74657
5393593|Richard|Rodriguez|GQ|294 Mata Crest Apt. 191-Lake Adrian, TN 24721
4411220|Jenny|Miller|ZW|826 Matthews Spring-East Timothyhaven, MP 61763
3687973|Kathryn|Odonnell|RS|4015 Clark Islands Suite 549-West Kaylachester, IN 21197
7783861|Rachel|Wang|TZ|09556 Jessica Valleys-Glennfort, SD 20438
6654201|Mark|Simpson|SB|291 Williams Tunnel-North Tiffanyton, MI 56136
6814467|Rita|Jensen|GQ|2074 Anna Extension-West Lucasland, AR 88982
2554705|Dominic|Turner|SB|591 Murray Camp-Matthewborough, KY 54810
7360632|Melissa|Hill|MZ|8223 Mclaughlin Drives Apt. 757-Phillipsside, SC 02205
1496222|Daniel|Jones|BT|904 Karen Isle Suite 940-Garciaville, PR 00671
851207|Amy|Knight|HN|36536 Mary Mount Apt. 250-Millerhaven, MH 46511
8460407|Charles|Hill|MX|969 Joshua Point Suite 948-Jacksonchester, MA 34242
3386295|Cheryl|Howe|KE|USCGC Torres-FPO AE 39124
1067019|William|Contreras|SR|PSC 0350, Box 1963-APO AE 71113
4263476|Javier|Alexander|CO|775 Alfred Way Suite 870-West Matthew, GA 53413
3647014|Allison|Baker|ER|1471 Martinez Mountains-North Markton, DC 44916
8141682|Ashley|Perez|PL|879 Ashley Mission-Lake Jordanstad, NE 33591
5676636|Justin|Nielsen|IR|Unit 0165 Box 8917-DPO AP 42511
2160221|Chris|Phillips|GD|03118 Graham Spur-Chelseaburgh, NH 96093
7211521|Amanda|Carey|BY|2999 Elizabeth Road Suite 971-East Rachelshire, LA 62065
3094296|William|Evans|AM|855 Turner Dam Suite 588-Judithville, ID 95392
8164846|Ashley|Richards|GR|2190 Sharon Plain-Davisland, OK 51156
1636271|Laurie|Jones|HT|4536 Shepherd Bypass Apt. 810-Lake Jayton, FM 61632
3480808|Leonard|Smith|ZM|7208 Shelby Extension-North Kimberly, PA 97365
6830696|Melanie|Phillips|DK|23307 Dana Loop Suite 822-Jamesview, OH 05162
2345043|Emily|Mcknight|SC|Unit 1579 Box 8599-DPO AA 14919
2639862|Victoria|Brown|MT|5630 Thomas Green-Greenstad, MO 24013
8032112|Melanie|Skinner|CF|0624 Lee Shores-Reynoldsmouth, GU 21276
1826065|Elizabeth|Daugherty|ZM|20425 Wilson Fork-Daniellebury, IN 38603
7064019|Amanda|Decker|LI|637 Valerie Parkways-Allisonland, IL 27714
1826828|Daniel|Patton|KH|1473 Dale Bridge-Thomasland, FM 56781
2803358|Carol|Macias|LT|21331 Kelly Gardens Apt. 519-Brittanyland, VT 33894
2452942|Michael|Smith|IS|552 Mitchell Run Suite 861-East Danamouth, TN 81046
4831559|Amy|Gonzalez|NE|Unit 5101 Box 6198-DPO AA 80209
6902363|Olivia|Bradshaw|IE|010 Collins Station Apt. 447-Perkinsfort, WI 14909
1811903|Joann|Rodriguez|MV|6880 Patricia Shoal-Lake Crystalland, MD 02651
1703099|Mercedes|Day|NZ|26261 Aaron Parkways Apt. 156-North Peterbury, OH 51306
176015|David|Reyes|NR|0831 Elizabeth Isle Apt. 675-New Evelyn, NM 99944
2771135|April|Case|RO|03732 Robert Island-Nelsontown, RI 06921
5597959|Carlos|Mcgee|DZ|34295 Tammie Mews-South David, AK 73441
3670051|Erin|Glass|RS|289 Shelley Flats-New Rebecca, CA 27851
4392523|Jared|Hernandez|MM|404 Evans Crossing Apt. 191-North Jaime, NE 38436
1944166|Maria|Livingston|LA|080 Shannon Walk Suite 528-Rachaelchester, MA 04107
7046314|Leslie|Torres|ZM|73337 Peterson Drive Suite 388-North Teresa, MT 55780
7037189|Brandy|Koch|HT|245 David Valleys Suite 858-New Chadburgh, IL 14449
4760657|Aaron|Osborne|AT|9929 James Square-Smithchester, TN 29178
1348062|Janice|Collins|MD|418 Elizabeth Union Suite 166-Choiside, DC 26385
5997787|Adrienne|Glenn|AO|3093 Michael Junctions-Tapiaport, MN 28712
8514995|Brandy|Wise|MY|4435 Lisa Hill-Brittneyfort, AZ 28698
2746701|Mary|Hudson|EG|2397 Melissa Trace-Staceyborough, WI 71624
99081|Kristen|White|CY|PSC 9181, Box 2471-APO AP 03216
5111802|Jacqueline|Reid|SK|PSC 5808, Box 0850-APO AE 59070
1781757|Erik|Morgan|MY|USNS Hoffman-FPO AA 16383
674396|Dave|Valdez|MR|6912 Hobbs Rapids Suite 260-Rollinshaven, NJ 24554
1401720|Larry|Bennett|GB|62020 Lucas Parkway Suite 479-Wilsonbury, WI 70156
5174916|David|Nelson|KI|322 Martinez Club-Lake Kimberly, NY 47717
1749104|Leonard|Webster|KH|314 Jones Turnpike Apt. 530-Hernandezfort, CA 43720
4059407|William|Leach|GR|03919 Martinez Shoals Apt. 364-North Catherine, NH 04450
4312666|Collin|Colon|CV|8157 Michael Forge-Oconnormouth, AL 98384
1717981|Becky|Joseph|SN|2210 Richard Forges Apt. 295-Lake Sallyville, NY 90736
6588348|Brian|Willis|DE|50047 Lewis Spurs-Simonhaven, ID 03015
8543225|Ernest|Ryan|JO|745 Contreras Shoals Suite 987-Taylormouth, WA 74620
4773217|Brianna|Frey|SN|5812 Jason Corners-Amandaside, VA 37176
6300374|Ronald|White|RU|1283 Candice Forest Apt. 433-Shelleytown, OK 53260
4077332|Kaitlyn|Vega|FI|351 Derek Trafficway Suite 444-Michaeltown, AZ 17086
3032290|Shannon|Oconnor|AL|8713 Holloway Brook-Port Randymouth, CA 45181
1764085|Michael|Gilbert|UG|071 Scott Plains Suite 330-South Aliciatown, NJ 26033
2287196|Jessica|Wilson|TO|442 Gonzalez Spring Suite 571-Port Ryan, CO 83835
4572084|Melanie|Hernandez|GW|PSC 5142, Box 9455-APO AE 42561
2059179|Michael|Allen|HR|2557 Harper Fall Apt. 559-Sanderstown, CO 15907
6274236|Jamie|Wolfe|CF|217 Jerry View Suite 968-West Jeanette, DC 26910
8367197|Douglas|Vasquez|BB|35682 David Stravenue-Jefferyton, PA 50299
5536611|Renee|Acosta|HU|305 Jay Corners Suite 555-South Nichole, VI 43882
34019|Alyssa|Pollard|KI|36864 Taylor Ramp-Moodyside, PA 10697
620314|Noah|Strickland|BS|903 Cindy Gardens-Markshire, AK 21081
7629094|Matthew|Christensen|NI|09762 Reyes Vista Suite 283-East Georgefurt, MO 99693
473565|Michael|Hernandez|FJ|Unit 7923 Box 0469-DPO AP 16796
